{
    "loss": -0.6408499960864331,
    "model_name": "model_-0.6408499960864331_6e9f3",
    "space": {
        "max_features": 1.5104167958569887,
        "max_samples": 0.2799297316343121,
        "n_estimators": 304.5592604790276
    }
}