{
    "loss": -0.659675229164437,
    "model_name": "model_-0.659675229164437_82ce8",
    "space": {
        "max_features": 8.583208326021838,
        "max_samples": 0.08332755046066445,
        "n_estimators": 1000.0
    }
}