{
    "loss": -0.5644591034755575,
    "model_name": "model_-0.5644591034755575_8624c",
    "space": {
        "max_features": 4.797468719364307,
        "max_samples": 0.01,
        "n_estimators": 898.6532258482034
    }
}