{
    "loss": -0.6676852525635313,
    "model_name": "model_-0.6676852525635313_467a9",
    "space": {
        "max_features": 6.358532922069383,
        "max_samples": 0.4262632114662577,
        "n_estimators": 431.5743906808801
    }
}