{
    "loss": -0.6166834131617307,
    "model_name": "model_-0.6166834131617307_f0c24",
    "space": {
        "max_features": 6.465700024252862,
        "max_samples": 0.42983751480183063,
        "n_estimators": 10.0
    }
}