{
    "loss": -0.6641103092042107,
    "model_name": "model_-0.6641103092042107_40e94",
    "space": {
        "max_features": 8.309518558979441,
        "max_samples": 0.4851774006513069,
        "n_estimators": 482.8884661481365
    }
}