{
    "loss": -0.6645004650293413,
    "model_name": "model_-0.6645004650293413_4b3e3",
    "space": {
        "max_features": 8.524708871836399,
        "max_samples": 0.34402219881309576,
        "n_estimators": 398.85694813982155
    }
}