{
    "loss": -0.6613207112057585,
    "model_name": "model_-0.6613207112057585_c4913",
    "space": {
        "max_features": 3.593488441272731,
        "max_samples": 0.19297681877485573,
        "n_estimators": 649.7708742650027
    }
}