{
    "loss": -0.6476653683829634,
    "model_name": "model_-0.6476653683829634_957f1",
    "space": {
        "max_features": 3.878106000773286,
        "max_samples": 0.08295286888972696,
        "n_estimators": 778.3193644626068
    }
}