{
    "loss": -0.6668611257134971,
    "model_name": "model_-0.6668611257134971_d344c",
    "space": {
        "max_features": 6.653987749868887,
        "max_samples": 0.7572577793374367,
        "n_estimators": 544.1430359969652
    }
}