{
    "loss": -0.6618904338621765,
    "model_name": "model_-0.6618904338621765_ca276",
    "space": {
        "max_features": 8.598391737229157,
        "max_samples": 0.8593661614465294,
        "n_estimators": 596.9161720427683
    }
}