{
    "loss": -0.6666134271141037,
    "model_name": "model_-0.6666134271141037_d0225",
    "space": {
        "max_features": 6.612073271073752,
        "max_samples": 0.3905378902197729,
        "n_estimators": 848.7792213962844
    }
}