{
    "loss": -0.6672703613337918,
    "model_name": "model_-0.6672703613337918_527bd",
    "space": {
        "max_features": 5.47479708199105,
        "max_samples": 0.9280749975251832,
        "n_estimators": 701.8362220431525
    }
}