{
    "loss": -0.661051901938682,
    "model_name": "model_-0.661051901938682_65670",
    "space": {
        "max_features": 8.845157665519011,
        "max_samples": 0.9480601201550937,
        "n_estimators": 191.51759302042217
    }
}