{
    "loss": -0.6675199438672305,
    "model_name": "model_-0.6675199438672305_61d1c",
    "space": {
        "max_features": 7.247303210498864,
        "max_samples": 0.509044267383287,
        "n_estimators": 837.5902860546838
    }
}