{
    "loss": -0.6656748152902534,
    "model_name": "model_-0.6656748152902534_cc44f",
    "space": {
        "max_features": 8.090517326627868,
        "max_samples": 0.38615802280585004,
        "n_estimators": 462.3559519139507
    }
}