{
    "loss": -0.6660044465617379,
    "model_name": "model_-0.6660044465617379_14f83",
    "space": {
        "max_features": 5.56395085851823,
        "max_samples": 0.9614670923260263,
        "n_estimators": 456.7128693162205
    }
}