{
    "max_samples": 0.9288980294689314,
    "n_estimators": 696.8534656066857
}