{
    "max_features": 6.358532922069383,
    "max_samples": 0.4262632114662577,
    "n_estimators": 431.5743906808801
}